{
  "all_results": [
    {
      "feature_method": "raw",
      "model_name": "SVM",
      "accuracy": 0.8431372549019608,
      "precision": 0.8709677419354839,
      "sensitivity_recall": 0.8709677419354839,
      "specificity": 0.8,
      "roc_auc": 0.8887096774193548,
      "classification_report": {
        "No Tumor": {
          "precision": 0.8,
          "recall": 0.8,
          "f1-score": 0.8,
          "support": 20.0
        },
        "Tumor": {
          "precision": 0.8709677419354839,
          "recall": 0.8709677419354839,
          "f1-score": 0.8709677419354839,
          "support": 31.0
        },
        "accuracy": 0.8431372549019608,
        "macro avg": {
          "precision": 0.8354838709677419,
          "recall": 0.8354838709677419,
          "f1-score": 0.8354838709677419,
          "support": 51.0
        },
        "weighted avg": {
          "precision": 0.8431372549019608,
          "recall": 0.8431372549019608,
          "f1-score": 0.8431372549019608,
          "support": 51.0
        }
      }
    },
    {
      "feature_method": "raw",
      "model_name": "Logistic Regression",
      "accuracy": 0.8431372549019608,
      "precision": 0.8709677419354839,
      "sensitivity_recall": 0.8709677419354839,
      "specificity": 0.8,
      "roc_auc": 0.8725806451612903,
      "classification_report": {
        "No Tumor": {
          "precision": 0.8,
          "recall": 0.8,
          "f1-score": 0.8,
          "support": 20.0
        },
        "Tumor": {
          "precision": 0.8709677419354839,
          "recall": 0.8709677419354839,
          "f1-score": 0.8709677419354839,
          "support": 31.0
        },
        "accuracy": 0.8431372549019608,
        "macro avg": {
          "precision": 0.8354838709677419,
          "recall": 0.8354838709677419,
          "f1-score": 0.8354838709677419,
          "support": 51.0
        },
        "weighted avg": {
          "precision": 0.8431372549019608,
          "recall": 0.8431372549019608,
          "f1-score": 0.8431372549019608,
          "support": 51.0
        }
      }
    },
    {
      "feature_method": "raw",
      "model_name": "KNN",
      "accuracy": 0.7254901960784313,
      "precision": 0.84,
      "sensitivity_recall": 0.6774193548387096,
      "specificity": 0.8,
      "roc_auc": 0.8475806451612904,
      "classification_report": {
        "No Tumor": {
          "precision": 0.6153846153846154,
          "recall": 0.8,
          "f1-score": 0.6956521739130435,
          "support": 20.0
        },
        "Tumor": {
          "precision": 0.84,
          "recall": 0.6774193548387096,
          "f1-score": 0.75,
          "support": 31.0
        },
        "accuracy": 0.7254901960784313,
        "macro avg": {
          "precision": 0.7276923076923076,
          "recall": 0.7387096774193549,
          "f1-score": 0.7228260869565217,
          "support": 51.0
        },
        "weighted avg": {
          "precision": 0.7519155354449472,
          "recall": 0.7254901960784313,
          "f1-score": 0.7286871270247229,
          "support": 51.0
        }
      }
    },
    {
      "feature_method": "raw",
      "model_name": "Naive Bayes",
      "accuracy": 0.6274509803921569,
      "precision": 0.7727272727272727,
      "sensitivity_recall": 0.5483870967741935,
      "specificity": 0.75,
      "roc_auc": 0.6491935483870968,
      "classification_report": {
        "No Tumor": {
          "precision": 0.5172413793103449,
          "recall": 0.75,
          "f1-score": 0.6122448979591837,
          "support": 20.0
        },
        "Tumor": {
          "precision": 0.7727272727272727,
          "recall": 0.5483870967741935,
          "f1-score": 0.6415094339622641,
          "support": 31.0
        },
        "accuracy": 0.6274509803921569,
        "macro avg": {
          "precision": 0.6449843260188088,
          "recall": 0.6491935483870968,
          "f1-score": 0.626877165960724,
          "support": 51.0
        },
        "weighted avg": {
          "precision": 0.6725367262892618,
          "recall": 0.6274509803921569,
          "f1-score": 0.6300331453336052,
          "support": 51.0
        }
      }
    },
    {
      "feature_method": "raw",
      "model_name": "Decision Tree",
      "accuracy": 0.7450980392156863,
      "precision": 0.8,
      "sensitivity_recall": 0.7741935483870968,
      "specificity": 0.7,
      "roc_auc": 0.7370967741935484,
      "classification_report": {
        "No Tumor": {
          "precision": 0.6666666666666666,
          "recall": 0.7,
          "f1-score": 0.6829268292682927,
          "support": 20.0
        },
        "Tumor": {
          "precision": 0.8,
          "recall": 0.7741935483870968,
          "f1-score": 0.7868852459016393,
          "support": 31.0
        },
        "accuracy": 0.7450980392156863,
        "macro avg": {
          "precision": 0.7333333333333334,
          "recall": 0.7370967741935484,
          "f1-score": 0.7349060375849661,
          "support": 51.0
        },
        "weighted avg": {
          "precision": 0.7477124183006536,
          "recall": 0.7450980392156863,
          "f1-score": 0.7461172393787583,
          "support": 51.0
        }
      }
    },
    {
      "feature_method": "raw",
      "model_name": "Random Forest",
      "accuracy": 0.8431372549019608,
      "precision": 0.8484848484848485,
      "sensitivity_recall": 0.9032258064516129,
      "specificity": 0.75,
      "roc_auc": 0.9032258064516129,
      "classification_report": {
        "No Tumor": {
          "precision": 0.8333333333333334,
          "recall": 0.75,
          "f1-score": 0.7894736842105263,
          "support": 20.0
        },
        "Tumor": {
          "precision": 0.8484848484848485,
          "recall": 0.9032258064516129,
          "f1-score": 0.875,
          "support": 31.0
        },
        "accuracy": 0.8431372549019608,
        "macro avg": {
          "precision": 0.8409090909090909,
          "recall": 0.8266129032258065,
          "f1-score": 0.8322368421052632,
          "support": 51.0
        },
        "weighted avg": {
          "precision": 0.8425430778371955,
          "recall": 0.8431372549019608,
          "f1-score": 0.8414602683178535,
          "support": 51.0
        }
      }
    },
    {
      "feature_method": "hog",
      "model_name": "SVM",
      "accuracy": 0.8627450980392157,
      "precision": 0.875,
      "sensitivity_recall": 0.9032258064516129,
      "specificity": 0.8,
      "roc_auc": 0.9532258064516128,
      "classification_report": {
        "No Tumor": {
          "precision": 0.8421052631578947,
          "recall": 0.8,
          "f1-score": 0.8205128205128205,
          "support": 20.0
        },
        "Tumor": {
          "precision": 0.875,
          "recall": 0.9032258064516129,
          "f1-score": 0.8888888888888888,
          "support": 31.0
        },
        "accuracy": 0.8627450980392157,
        "macro avg": {
          "precision": 0.8585526315789473,
          "recall": 0.8516129032258064,
          "f1-score": 0.8547008547008547,
          "support": 51.0
        },
        "weighted avg": {
          "precision": 0.8621001031991743,
          "recall": 0.8627450980392157,
          "f1-score": 0.8620747444276856,
          "support": 51.0
        }
      }
    },
    {
      "feature_method": "hog",
      "model_name": "Logistic Regression",
      "accuracy": 0.8823529411764706,
      "precision": 0.9032258064516129,
      "sensitivity_recall": 0.9032258064516129,
      "specificity": 0.85,
      "roc_auc": 0.9661290322580646,
      "classification_report": {
        "No Tumor": {
          "precision": 0.85,
          "recall": 0.85,
          "f1-score": 0.85,
          "support": 20.0
        },
        "Tumor": {
          "precision": 0.9032258064516129,
          "recall": 0.9032258064516129,
          "f1-score": 0.9032258064516129,
          "support": 31.0
        },
        "accuracy": 0.8823529411764706,